start_year,condition_group,trials
2010,Anxiety,80
2010,Bipolar disorder,50
2010,Depression,265
2010,Eating disorders,17
2010,OCD,11
2010,PTSD,71
2010,Schizophrenia & psychosis,127
2010,Substance use,23
2011,Anxiety,85
2011,Bipolar disorder,40
2011,Depression,267
2011,Eating disorders,15
2011,OCD,20
2011,PTSD,62
2011,Schizophrenia & psychosis,136
2011,Substance use,26
2012,Anxiety,102
2012,Bipolar disorder,40
2012,Depression,273
2012,Eating disorders,24
2012,OCD,20
2012,PTSD,86
2012,Schizophrenia & psychosis,136
2012,Substance use,32
2013,Anxiety,99
2013,Bipolar disorder,42
2013,Depression,244
2013,Eating disorders,20
2013,OCD,19
2013,PTSD,74
2013,Schizophrenia & psychosis,128
2013,Substance use,35
2014,Anxiety,141
2014,Bipolar disorder,54
2014,Depression,304
2014,Eating disorders,24
2014,OCD,29
2014,PTSD,67
2014,Schizophrenia & psychosis,155
2014,Substance use,29
2015,Anxiety,163
2015,Bipolar disorder,36
2015,Depression,326
2015,Eating disorders,36
2015,OCD,23
2015,PTSD,77
2015,Schizophrenia & psychosis,125
2015,Substance use,41
2016,Anxiety,168
2016,Bipolar disorder,33
2016,Depression,368
2016,Eating disorders,38
2016,OCD,25
2016,PTSD,96
2016,Schizophrenia & psychosis,135
2016,Substance use,36
2017,Anxiety,200
2017,Bipolar disorder,48
2017,Depression,367
2017,Eating disorders,42
2017,OCD,23
2017,PTSD,89
2017,Schizophrenia & psychosis,127
2017,Substance use,63
2018,Anxiety,239
2018,Bipolar disorder,38
2018,Depression,412
2018,Eating disorders,44
2018,OCD,21
2018,PTSD,85
2018,Schizophrenia & psychosis,134
2018,Substance use,57
2019,Anxiety,258
2019,Bipolar disorder,37
2019,Depression,484
2019,Eating disorders,47
2019,OCD,31
2019,PTSD,121
2019,Schizophrenia & psychosis,158
2019,Substance use,77
2020,Anxiety,263
2020,Bipolar disorder,28
2020,Depression,442
2020,Eating disorders,43
2020,OCD,21
2020,PTSD,117
2020,Schizophrenia & psychosis,121
2020,Substance use,66
2021,Anxiety,415
2021,Bipolar disorder,39
2021,Depression,621
2021,Eating disorders,62
2021,OCD,33
2021,PTSD,138
2021,Schizophrenia & psychosis,141
2021,Substance use,83
2022,Anxiety,392
2022,Bipolar disorder,52
2022,Depression,581
2022,Eating disorders,52
2022,OCD,39
2022,PTSD,143
2022,Schizophrenia & psychosis,156
2022,Substance use,101
2023,Anxiety,477
2023,Bipolar disorder,49
2023,Depression,624
2023,Eating disorders,70
2023,OCD,27
2023,PTSD,134
2023,Schizophrenia & psychosis,165
2023,Substance use,88
2024,Anxiety,540
2024,Bipolar disorder,55
2024,Depression,668
2024,Eating disorders,70
2024,OCD,42
2024,PTSD,155
2024,Schizophrenia & psychosis,150
2024,Substance use,85
2025,Anxiety,518
2025,Bipolar disorder,48
2025,Depression,690
2025,Eating disorders,61
2025,OCD,36
2025,PTSD,159
2025,Schizophrenia & psychosis,149
2025,Substance use,113
