start_year,intervention_type,trials,pct_of_year
2010,DRUG,277,44.3
2010,BEHAVIORAL,203,32.5
2010,OTHER,85,13.6
2010,DEVICE,27,4.3
2010,DIETARY_SUPPLEMENT,13,2.1
2010,PROCEDURE,13,2.1
2010,RADIATION,4,0.6
2010,GENETIC,2,0.3
2010,BIOLOGICAL,1,0.2
2011,DRUG,243,40.5
2011,BEHAVIORAL,204,34.0
2011,OTHER,83,13.8
2011,DEVICE,43,7.2
2011,PROCEDURE,16,2.7
2011,DIETARY_SUPPLEMENT,10,1.7
2011,BIOLOGICAL,1,0.2
2012,BEHAVIORAL,255,38.5
2012,DRUG,240,36.2
2012,OTHER,91,13.7
2012,DEVICE,41,6.2
2012,PROCEDURE,24,3.6
2012,DIETARY_SUPPLEMENT,9,1.4
2012,BIOLOGICAL,3,0.5
2013,BEHAVIORAL,248,38.3
2013,DRUG,204,31.5
2013,OTHER,105,16.2
2013,DEVICE,66,10.2
2013,DIETARY_SUPPLEMENT,12,1.9
2013,PROCEDURE,12,1.9
2013,BIOLOGICAL,1,0.2
2014,BEHAVIORAL,301,38.8
2014,DRUG,221,28.5
2014,OTHER,148,19.1
2014,DEVICE,68,8.8
2014,PROCEDURE,18,2.3
2014,DIETARY_SUPPLEMENT,9,1.2
2014,BIOLOGICAL,6,0.8
2014,GENETIC,3,0.4
2014,DIAGNOSTIC_TEST,1,0.1
2015,BEHAVIORAL,337,41.2
2015,DRUG,211,25.8
2015,OTHER,144,17.6
2015,DEVICE,86,10.5
2015,PROCEDURE,16,2.0
2015,DIETARY_SUPPLEMENT,9,1.1
2015,BIOLOGICAL,6,0.7
2015,GENETIC,4,0.5
2015,RADIATION,2,0.2
2015,COMBINATION_PRODUCT,1,0.1
2015,DIAGNOSTIC_TEST,1,0.1
2016,BEHAVIORAL,342,39.0
2016,DRUG,204,23.3
2016,OTHER,161,18.4
2016,DEVICE,127,14.5
2016,DIETARY_SUPPLEMENT,18,2.1
2016,PROCEDURE,16,1.8
2016,GENETIC,4,0.5
2016,DIAGNOSTIC_TEST,2,0.2
2016,RADIATION,2,0.2
2016,BIOLOGICAL,1,0.1
2017,BEHAVIORAL,376,39.9
2017,DRUG,213,22.6
2017,OTHER,192,20.4
2017,DEVICE,105,11.1
2017,DIETARY_SUPPLEMENT,23,2.4
2017,PROCEDURE,16,1.7
2017,DIAGNOSTIC_TEST,6,0.6
2017,BIOLOGICAL,5,0.5
2017,COMBINATION_PRODUCT,5,0.5
2017,GENETIC,1,0.1
2018,BEHAVIORAL,420,44.1
2018,OTHER,191,20.0
2018,DRUG,180,18.9
2018,DEVICE,117,12.3
2018,DIETARY_SUPPLEMENT,17,1.8
2018,PROCEDURE,9,0.9
2018,BIOLOGICAL,7,0.7
2018,DIAGNOSTIC_TEST,7,0.7
2018,COMBINATION_PRODUCT,4,0.4
2018,RADIATION,1,0.1
2019,BEHAVIORAL,477,41.8
2019,OTHER,244,21.4
2019,DRUG,214,18.8
2019,DEVICE,152,13.3
2019,DIETARY_SUPPLEMENT,16,1.4
2019,DIAGNOSTIC_TEST,12,1.1
2019,COMBINATION_PRODUCT,9,0.8
2019,PROCEDURE,9,0.8
2019,BIOLOGICAL,6,0.5
2019,GENETIC,1,0.1
2020,BEHAVIORAL,443,43.9
2020,OTHER,223,22.1
2020,DRUG,173,17.1
2020,DEVICE,120,11.9
2020,DIETARY_SUPPLEMENT,15,1.5
2020,DIAGNOSTIC_TEST,12,1.2
2020,PROCEDURE,10,1.0
2020,COMBINATION_PRODUCT,7,0.7
2020,BIOLOGICAL,5,0.5
2020,RADIATION,1,0.1
2021,BEHAVIORAL,606,43.7
2021,OTHER,282,20.3
2021,DRUG,253,18.2
2021,DEVICE,184,13.3
2021,DIETARY_SUPPLEMENT,21,1.5
2021,PROCEDURE,20,1.4
2021,BIOLOGICAL,7,0.5
2021,COMBINATION_PRODUCT,7,0.5
2021,DIAGNOSTIC_TEST,6,0.4
2021,GENETIC,1,0.1
2021,RADIATION,1,0.1
2022,BEHAVIORAL,571,40.5
2022,OTHER,292,20.7
2022,DRUG,239,17.0
2022,DEVICE,226,16.0
2022,DIETARY_SUPPLEMENT,37,2.6
2022,PROCEDURE,19,1.3
2022,COMBINATION_PRODUCT,9,0.6
2022,DIAGNOSTIC_TEST,8,0.6
2022,BIOLOGICAL,5,0.4
2022,GENETIC,4,0.3
2023,BEHAVIORAL,624,41.9
2023,OTHER,314,21.1
2023,DEVICE,237,15.9
2023,DRUG,229,15.4
2023,DIETARY_SUPPLEMENT,29,1.9
2023,PROCEDURE,18,1.2
2023,COMBINATION_PRODUCT,13,0.9
2023,DIAGNOSTIC_TEST,13,0.9
2023,BIOLOGICAL,11,0.7
2023,RADIATION,2,0.1
2023,GENETIC,1,0.1
2024,BEHAVIORAL,694,42.8
2024,OTHER,355,21.9
2024,DEVICE,251,15.5
2024,DRUG,240,14.8
2024,DIETARY_SUPPLEMENT,33,2.0
2024,PROCEDURE,26,1.6
2024,COMBINATION_PRODUCT,11,0.7
2024,DIAGNOSTIC_TEST,6,0.4
2024,BIOLOGICAL,3,0.2
2024,GENETIC,2,0.1
2024,RADIATION,2,0.1
2025,BEHAVIORAL,691,41.8
2025,OTHER,357,21.6
2025,DEVICE,272,16.4
2025,DRUG,251,15.2
2025,DIETARY_SUPPLEMENT,28,1.7
2025,PROCEDURE,25,1.5
2025,DIAGNOSTIC_TEST,13,0.8
2025,COMBINATION_PRODUCT,9,0.5
2025,BIOLOGICAL,6,0.4
2025,RADIATION,2,0.1
