start_year,psychedelic_class,trials,running_total
2010,Ketamine / esketamine,8,8
2011,Ketamine / esketamine,4,12
2012,Ketamine / esketamine,16,28
2013,Ketamine / esketamine,15,43
2014,Ketamine / esketamine,17,60
2015,Ketamine / esketamine,30,90
2016,Ketamine / esketamine,26,116
2017,Ketamine / esketamine,19,135
2018,Ketamine / esketamine,16,151
2019,Ketamine / esketamine,22,173
2020,Ketamine / esketamine,20,193
2021,Ketamine / esketamine,26,219
2022,Ketamine / esketamine,27,246
2023,Ketamine / esketamine,19,265
2024,Ketamine / esketamine,24,289
2025,Ketamine / esketamine,29,318
2010,Psychedelic / MDMA,2,2
2012,Psychedelic / MDMA,1,3
2013,Psychedelic / MDMA,2,5
2014,Psychedelic / MDMA,3,8
2015,Psychedelic / MDMA,1,9
2016,Psychedelic / MDMA,2,11
2017,Psychedelic / MDMA,3,14
2018,Psychedelic / MDMA,7,21
2019,Psychedelic / MDMA,7,28
2020,Psychedelic / MDMA,5,33
2021,Psychedelic / MDMA,19,52
2022,Psychedelic / MDMA,16,68
2023,Psychedelic / MDMA,29,97
2024,Psychedelic / MDMA,37,134
2025,Psychedelic / MDMA,31,165
