start_year,sponsor_class,trials,pct_of_year
2010,OTHER,366,66.1
2010,INDUSTRY,134,24.2
2010,FED,31,5.6
2010,OTHER_GOV,16,2.9
2010,NIH,5,0.9
2010,INDIV,1,0.2
2010,NETWORK,1,0.2
2011,OTHER,380,68.8
2011,INDUSTRY,121,21.9
2011,FED,33,6.0
2011,OTHER_GOV,13,2.4
2011,NIH,4,0.7
2011,NETWORK,1,0.2
2012,OTHER,443,74.6
2012,INDUSTRY,93,15.7
2012,FED,28,4.7
2012,OTHER_GOV,24,4.0
2012,NIH,4,0.7
2012,NETWORK,2,0.3
2013,OTHER,455,79.4
2013,INDUSTRY,72,12.6
2013,FED,27,4.7
2013,OTHER_GOV,19,3.3
2014,OTHER,557,81.9
2014,INDUSTRY,78,11.5
2014,FED,30,4.4
2014,OTHER_GOV,12,1.8
2014,NIH,2,0.3
2014,NETWORK,1,0.1
2015,OTHER,570,81.2
2015,INDUSTRY,69,9.8
2015,FED,42,6.0
2015,OTHER_GOV,18,2.6
2015,NIH,2,0.3
2015,INDIV,1,0.1
2016,OTHER,624,83.1
2016,INDUSTRY,80,10.7
2016,FED,31,4.1
2016,OTHER_GOV,15,2.0
2016,NIH,1,0.1
2017,OTHER,680,85.0
2017,INDUSTRY,73,9.1
2017,OTHER_GOV,23,2.9
2017,FED,20,2.5
2017,NIH,2,0.3
2017,INDIV,1,0.1
2017,NETWORK,1,0.1
2018,OTHER,691,82.1
2018,INDUSTRY,95,11.3
2018,FED,31,3.7
2018,OTHER_GOV,20,2.4
2018,NIH,3,0.4
2018,INDIV,1,0.1
2018,NETWORK,1,0.1
2019,OTHER,860,85.4
2019,INDUSTRY,82,8.1
2019,FED,41,4.1
2019,OTHER_GOV,21,2.1
2019,NIH,2,0.2
2019,NETWORK,1,0.1
2020,OTHER,767,85.3
2020,INDUSTRY,85,9.5
2020,OTHER_GOV,26,2.9
2020,FED,20,2.2
2020,NIH,1,0.1
2021,OTHER,1074,85.9
2021,INDUSTRY,118,9.4
2021,FED,32,2.6
2021,OTHER_GOV,18,1.4
2021,NIH,7,0.6
2021,NETWORK,2,0.2
2022,OTHER,1078,85.0
2022,INDUSTRY,127,10.0
2022,FED,40,3.2
2022,OTHER_GOV,18,1.4
2022,NETWORK,3,0.2
2022,NIH,2,0.2
2023,OTHER,1159,86.8
2023,INDUSTRY,114,8.5
2023,OTHER_GOV,30,2.2
2023,FED,28,2.1
2023,NIH,4,0.3
2023,NETWORK,1,0.1
2024,OTHER,1272,87.7
2024,INDUSTRY,118,8.1
2024,FED,30,2.1
2024,OTHER_GOV,24,1.7
2024,NETWORK,3,0.2
2024,NIH,2,0.1
2024,INDIV,1,0.1
2024,UNKNOWN,1,0.1
2025,OTHER,1269,87.3
2025,INDUSTRY,126,8.7
2025,OTHER_GOV,36,2.5
2025,FED,18,1.2
2025,NETWORK,3,0.2
2025,NIH,1,0.1
