psychedelic_class,period,sponsor_class,trials
Ketamine / esketamine,2010-2020,OTHER,140
Ketamine / esketamine,2010-2020,INDUSTRY,32
Ketamine / esketamine,2010-2020,FED,14
Ketamine / esketamine,2010-2020,OTHER_GOV,5
Ketamine / esketamine,2010-2020,NIH,2
Ketamine / esketamine,2021-2025,OTHER,108
Ketamine / esketamine,2021-2025,INDUSTRY,9
Ketamine / esketamine,2021-2025,FED,5
Ketamine / esketamine,2021-2025,NIH,2
Ketamine / esketamine,2021-2025,OTHER_GOV,1
Psychedelic / MDMA,2010-2020,OTHER,17
Psychedelic / MDMA,2010-2020,INDUSTRY,16
Psychedelic / MDMA,2021-2025,OTHER,95
Psychedelic / MDMA,2021-2025,INDUSTRY,31
Psychedelic / MDMA,2021-2025,OTHER_GOV,4
Psychedelic / MDMA,2021-2025,FED,2
